{
	"carName": "ferrari_296_gt3",
	"basicSetup":
	{
		"tyres":
		{
			"tyreCompound": 1,
			"tyrePressure": [ 54, 57, 48, 50 ]
		},
		"alignment":
		{
			"camber": [ 1, 1, 1, 1 ],
			"toe": [ 30, 30, 39, 39 ],
			"staticCamber": [ -4.5616021156311035, -4.5596790313720703, -5.3800835609436035, -5.3787136077880859 ],
			"toeOutLinear": [ -0.00038338513695634902, -0.00038338950253091753, -0.00017539194959681481, -0.00017540428962092847 ],
			"casterLF": 18,
			"casterRF": 18,
			"steerRatio": 3
		},
		"electronics":
		{
			"tC1": 7,
			"tC2": 0,
			"abs": 3,
			"eCUMap": 0,
			"fuelMix": 0,
			"telemetryLaps": 4
		},
		"strategy":
		{
			"fuel": 10,
			"nPitStops": 0,
			"tyreSet": 5,
			"frontBrakePadCompound": 0,
			"rearBrakePadCompound": 0,
			"pitStrategy": [
				{
					"fuelToAdd": 0,
					"tyres":
					{
						"tyreCompound": 0,
						"tyrePressure": [ 41, 58, 45, 56 ]
					},
					"tyreSet": 2,
					"frontBrakePadCompound": 1,
					"rearBrakePadCompound": 1
				}
			],
			"fuelPerLap": 2.7999999523162842
		}
	},
	"advancedSetup":
	{
		"mechanicalBalance":
		{
			"aRBFront": 3,
			"aRBRear": 6,
			"wheelRate": [ 0, 0, 0, 0 ],
			"bumpStopRateUp": [ 0, 0, 0, 0 ],
			"bumpStopRateDn": [ 0, 0, 10, 10 ],
			"bumpStopWindow": [ 9, 9, 11, 11 ],
			"brakeTorque": 20,
			"brakeBias": 35
		},
		"dampers":
		{
			"bumpSlow": [ 6, 6, 2, 2 ],
			"bumpFast": [ 11, 11, 9, 9 ],
			"reboundSlow": [ 8, 8, 10, 10 ],
			"reboundFast": [ 11, 11, 9, 9 ]
		},
		"aeroBalance":
		{
			"rideHeight": [ 2, 6, 21, 18 ],
			"rodLength": [ 38.455959320068359, 38.455959320068359, 56.046768188476563, 56.046768188476563 ],
			"splitter": 0,
			"rearWing": 12,
			"brakeDuct": [ 3, 3 ]
		},
		"drivetrain":
		{
			"preload": 3
		}
	},
	"trackBopType": 34
}